Lista: 2025 - CDD - LISTA 1 - TRABALHOS PREPARATAAAARIOS E TRATAMENTO DE OBJETOS;;;;;;
NAAAAo;Item de VerificaAAAAAAAAo;Peso;Tipo;NA;OrientaAAAAAAAAo;ReferAAAAancia
1;AAAA realizado o acompanhamento constante de cada etapa do processo produtivo internoAspectos: Produtividade e Prioridade;4;N;N;OBJETIVO DO ITEM: Assegurar que as atividades ocorram sob o acompanhamento dos gestores. FORMA DE AVALIAR: 1. Verificar se os gestores presentes acompanham as etapas do processo produtivo interno: a o recebimento das linhas de transporte LTR/LTU/LTN; b execuAAAAAAAAo das atividades coletivas TD/SL e Ordenamento dos distritos postais em CDD, e a induAAAAAAAAo de objetos qualificados, na ATOE e AAAArea de tratamento de encomendas. 2. Considerar NAAAAo Conforme se alguma das etapas nAAAAo for acompanhada por nenhum gestor. PONTO DE VERIFICAAAAAAAAAO: AAAArea de Carga e Descarga, SalAAAAo Operacional, ATOE e AAAArea de tratamento de encomendas. PERAAAAODO: Nos dias da verificaAAAAAAAAo. AMOSTRA: Recebimento da Carga, Etapas de triagem/induAAAAAAAAo. MARGEM DE TOLERAAAANCIA: NAAAAo hAAAA.;MANORG 11/6 e 7 MANDIS 2/1 anexo 2
2;Os equipamentos estAAAAo etiquetados/rotulados/identificados de acordo com o padrAAAAo estabelecido Aspectos: InformaAAAAAAAAo e Produtividade. PONTO DE VERIFICAAAAAAAAAO: SalAAAAo Operacional. PERAAAAODO: Nos dias da verificaAAAAAAAAo. AMOSTRA: Todos os equipamentos. MARGEM DE TOLERAAAANCIA: NAAAAo hAAAA.;2;N;N;OBJETIVO DO ITEM: Realizar gestAAAAo visual e gerar ganho no processo.FORMA DE AVALIAR: Considerar unitizadores com carga de objetos de alternAAAAncia, antecipada, etc. 1. No CDD, verificar: a No SalAAAAo Operacional, se as mesas para carteiro: I - tAAAAam as etiquetas de primeira e segunda triagens ou TD e SL, conforme o padrAAAAo estabelecido; II - nas etiquetas de SL/2AAAAa triagens constam a marcaAAAAAAAAo de priorizaAAAAAAAAo de DA e GU, quando houver. b se as mesas da AAAArea de encomendas possuem as etiquetas de acordo com a posiAAAAAAAAo indicada pelo SRO. 2. Considerar Conforme em unidades cujos distritos tenham excesso de quebra da faixa de CEP, mas a unidade disponibilize na parte interna do escaninho. 3. Na ATOE poderAAAAo ser utilizadas etiquetas nas cores verde e branco padrAAAAo do DDA visando uma melhor gestAAAAo visual do processo. 4. No CEE e CDD verificar se as direAAAAAAAAes das estaAAAAAAAAes de prAAAA-triagem, triagem e expediAAAAAAAAo estAAAAo identificadas em todos os equipamentos utilizados.;MANORG 11/6 e 7 MANDIS 2/1 anexo 2 MANPOC 15/1 anexo 3 MANCOP 15/7 anexo 2 Cartilha 5 Ps.
3;Os objetos sAAAAo manuseados/tratados de forma a preservar sua integridade ao longo de todo o processo Aspectos:Produtividade, SeguranAAAAa e Ergonomia;3;N;N;OBJETIVO DO ITEM: Garantir a integridade da carga e a produtividade do processo. FORMA DE AVALIAR: 1. Verificar se: a os objetos sAAAAo colocados e nAAAAo jogados dentro/sobre os equipamentos unitizadores, carrinhos, MMU etc.; b os objetos nAAAAo sAAAAo dobrados formando vincos; c os pacotes e malotes sAAAAo faceados, e os envelopes sAAAAo encabeAAAAados e faceados; d a carga de envelopes/pequenos pacotes estAAAA organizada nas caixetas ou nos locais definidos na unidade. 2. NAAAAo considerar objetos fora do padrAAAAo que impossibilitem o faceamento cilindros, esferas, grandes formatos, dentre outros. PONTO DE VERIFICAAAAAAAAAO: Toda a unidade. PERAAAAODO: Nos dias da verificaAAAAAAAAo AMOSTRA: Todos os objetos. TOLERAAAANCIA: NAAAAo hAAAA.;MANDIS 2/2 MANDIS 2/1 anexo 2
4;O tratamento e a organizaAAAAAAAAo dos unitizadores esvaziados AAAA feito conforme o previsto Aspectos: Produtividade e InformaAAAAAAAAo;2;N;N;OBJETIVO DO ITEM: Evitar resAAAAduo de objetos nos unitizadores. FORMA DE AVALIAR: 1. Observar durante o processo de abertura, e imediatamente apAAAA3s serem esvaziados, se: a as malas e os sambags sAAAAo avessados, as caixetas emborcadas; b nAAAAo hAAAA quaisquer resAAAAduos nos CDL/CAF; c bases, tampas, mangas dos CDLs e caixetas, apAAAA3s serem esvaziados, sAAAAo disponibilizados no local previsto, logo apAAAA3s o tAAAArmino das atividades. 2. Verificar se foram retirados os rAAAA3tulos dos unitizadores imediatamente apAAAA3s serem esvaziados. 3. Considerar NAAAAo Conforme se for encontrado objeto e/ou rAAAA3tulo nos unitizadores disponibilizados na AAAArea de unitizadores vazios. PONTO DE VERIFICAAAAAAAAAO: AAAArea Operacional, e AAAArea de Unitizadores Vazios. PERAAAAODO: Nos dias da verificaAAAAAAAAo. AMOSTRA: Todos os unitizadores. MARGEM DE TOLERAAAANCIA: NAAAAo hAAAA.;MANDIS 2/1 anexo 2
5;O desabastecimento AAAA realizado conforme o previstoAspectos: Produtividade e Prioridade;4;N;S;OBJETIVO DO ITEM: Manter a organizaAAAAAAAAo do processo. FORMA DE AVALIAR: 1. Verificar se o desabastecimento ocorre: a nas unidade sem AIS: ao final da primeira triagem ou da TD; b nas unidade com AIS: de forma contAAAAnua, pela parte traseira da mesa. 2. Considerar NA para as verificaAAAAAAAAes em CEE. 3. Considerar Conforme caso devido a quantidade reduzida de objetos simples a unidade opte por fazer o desabastecimento com equipe destacada conforme orientaAAAAAAAAes na Cartilha 5 Ps. 4 . Considerar NAAAAo Conforme se observado que os objetos triados no dia de recebimento sAAAAo recolhidos em caixetas que contenham carga de dias anteriores. PONTO DE VERIFICAAAAAAAAAO: SalAAAAo Operacional. PERAAAAODO: Nos dias da verificaAAAAAAAAo AMOSTRA: Todos os desabastecimentos. MARGEM DE TOLERAAAANCIA: NAAAAo hAAAA.;MANORG 11/6 e 7 MANDIS 2/2 Cartilha 5 Ps
6;A segunda triagem/SL AAAA realizada conforme o previsto e os GUs e DAs sAAAAo priorizados no ordenamento Aspectos: InformaAAAAAAAAo e Produtividade;2;N;S;OBJETIVO DO ITEM: Garantir que as direAAAAAAAAes de segunda triagem/SL sejam respeitadas e que haja priorizaAAAAAAAAo de DA e GU. FORMA DE AVALIAR: 1. Verificar se: a a triagem AAAA realizada corretamente nos escaninhos, nAAAAo havendo triagem de forma improvisada sobre a bancada, sobre o armAAAArio, em caixetas ou em escaninhos sem identificaAAAAAAAAo; b sAAAAo priorizados, no ordenamento, os objetos de GU e DA apenas em unidades sem Entrega Matutina. 2. Considerar NA para as verificaAAAAAAAAes em CEE. PONTO DE VERIFICAAAAAAAAAO: SalAAAAo Operacional. PERAAAAODO: Nos dias da verificaAAAAAAAAo. AMOSTRA: Todos os distritos. MARGEM DE TOLERAAAANCIA: NAAAAo hAAAA.;MANDIS 2/2
7;O tratamento dos objetos qualificados/encomendas AAAA realizado conforme o previstoAspectos: InformaAAAAAAAAo, Produtividade e Prioridade;5;N;N;OBJETIVO DO ITEM: Garantir a entrega no prazo. FORMA DE AVALIAR: 1. Verificar se: a a LOEC AutomAAAAtica AAAA utilizada em 100 dos distritos; b AAAA realizada a triagem de acordo com o distrito indicado no sistema, simultaneamente AAAA  leitura. 2. AAAA permitida a realizaAAAAAAAAo da prAAAA- triagem: a antes da leitura, caso a localidade nAAAAo seja codificada por logradouro; b antes ou apAAAA3s a leitura da carga quando o centro de tratamento enviAAAA-la em bruto ou em menor quantidade de estaAAAAAAAAes de LOEC previstas entende-se por estaAAAAAAAAo de LOEC cada cAAAAlula composta de 3 a 5 distritos. 3. No CDD para os distritos postais AAAA permitida a realizaAAAAAAAAo da prAAAA-triagem quando a quantidade de objetos nos GUs da unidade representar mais que 25 da carga qualificada da unidade dimensionada em SD. PONTO DE VERIFICAAAAAAAAAO: Toda a unidade. PERAAAAODO: Nos dias da verificaAAAAAAAAo. AMOSTRA: Observar o processo no mAAAAnimo 10 minutos. MARGEM DE TOLERAAAANCIA: NAAAAo hAAAA;MANDIS 2/2 Cartilha 5 Ps.
8;Todos os objetos simples e qualificados com prazo de entrega previsto para o dia saem para a distribuiAAAAAAAAo Aspectos: InformaAAAAAAAAo e Prioridade;4;N;N;OBJETIVO DO ITEM: Garantir o cumprimento do prazo acordado com o cliente. FORMA DE AVALIAR: 1. Selecionar objetos e verificar se o perAAAAodo entre a data da postagem e a data da saAAAAda para a distribuiAAAAAAAAo estAAAA no prazo previsto. 2. Considerar Conforme: a os objetos anotados previamente; b a carga enviada antecipadamente pelo centro de tratamento ou a carga com prazo de entrega programado; c objetos com entrega alternada. 3. Considerar Conforme caso haja registro de CIE para objetos recebidos com atraso. PONTO DE VERIFICAAAAAAAAAO: SalAAAAo Operacional, Sistema CIE e https://www2.correios.com.br/sistemas/precosPrazos/. PERAAAAODO: Nos dias da verificaAAAAAAAAo. AMOSTRA: 10 objetos aleatAAAA3rios em 10 de cada tipo de distrito postal, especial e misto. MARGEM DE TOLERAAAANCIA: NAAAAo hAAAA.;MANNEG 6/3 anexo 2 Cartilha 5 Ps.
9;Todos os Malotes a serem entregues pela unidade sAAAAo tratados conforme o previsto Aspectos: InformaAAAAAAAAo, Produtividade e SeguranAAAAa3;3;N;S;OBJETIVO DO ITEM: Evitar evasAAAAo de receita. FORMADE AVALIAR:1. Verificar se: a o tratamento dos Malotes ocorre conforme o previsto; b AAAA realizada a leitura do Malote no SIGMA. 2. Caso haja Malotes identificados na funcionalidade de ImportaAAAAAAAAo sem o evento de postagem na origem, verificar se esses foram pesados e as informaAAAAAAAAes lanAAAAadas no SIGMA. 3. Considerar NAAAAo Conforme se houver lanAAAAamento manual de Malotes na LEM. 4. Considerar NA se a unidade nAAAAo entregar Malote ou se a leitura dos malotes seja feita em outra unidade.. PONTO DE VERIFICAAAAAAAAAO: Toda a unidade e arquivo de LEMs. PERAAAAODO: Um dos dias da verificaAAAAAAAAo e mais 5 dias entre os 30 dias anteriores. AMOSTRA: Todos os Malotes e LEMs do perAAAAodo. MARGEM DE TOLERAAAANCIA: Sistema inoperante, desde que comprovado com o envio de e-mail ao Gestor Regional do SIGMA.;MANDIS 2/2 Cartilha 5PS
10;Os objetos sujeitos a recondicionamento sAAAAo disponibilizados para entrega e expediAAAAAAAAo de acordo com os prazos previstos Aspectos: SeguranAAAAa e Produtividade;2;N;S;OBJETIVO DO ITEM: Garantir a SeguranAAAAa Postal. FORMA DE AVALIAR: 1. Observar se o estado fAAAAsico dos objetos/Malotes AAAA verificado e, em caso de irregularidades, se sAAAAo disponibilizados de imediato para a AAAArea de recondicionamento. 2. Entende-se por AAAArea de recondicionamento o local definido dentro da unidade passAAAAvel de supervisAAAAo onde estejam disponAAAAveis os materiais/equipamentos necessAAAArios para a realizaAAAAAAAAo da atividade fita, plAAAAstico, formulAAAArio, etc.. Se a unidade nAAAAo tiver uma balanAAAAa nesse local, pode ser feito o compartilhamento com outra balanAAAAa. 3. Verificar se os objetos sAAAAo recondicionados e retornam ao fluxo operacional no mesmo dia do recebimento na unidade. 4. Considerar NA se nAAAAo houver necessidade de recondicionamento no perAAAAodo avaliado. PONTO DE VERIFICAAAAAAAAAO: Toda a unidade e formulAAAArio. PERAAAAODO: Nos dias da verificaAAAAAAAAo. AMOSTRA: Todos os objetos/Malotes que apresentem invAAAA3lucros avariados. MARGEM DE TOLERAAAANCIA: NAAAAo hAAAA;MANDIS 2/2 MANENC 2/12 MANENC 6/7
11;HAAAA conferAAAAancia da quantidade de objetos qualificados e de serviAAAAos adicionais sob responsabilidade do carteiro Aspectos: SeguranAAAAa, Produtividade e Prioridade;5;N;N;OBJETIVO DO ITEM: Garantir a seguranAAAAa dos objetos qualificados recebidos pelos carteiros. FORMA DE AVALIAR: 1. Observar se, antes da saAAAAda dos carteiros, os objetos sAAAAo conferidos por empregados designados para esta atividade a conferAAAAancia da quantidade nAAAAo pode ser executada por terceirizado nem pela mesma pessoa que fez o ordenamento, nos distritos especiais. 2. Considerar Conforme caso seja realizada a conferAAAAancia exaustiva nos distritos, utilizando a funAAAAAAAAo E do SRO na presenAAAAa do carteiro. PONTO DE VERIFICAAAAAAAAAO: SalAAAAo Operacional. OBSERVAAAAAAAAAO: Para os distritos postais, a verificaAAAAAAAAo deve ser feita no momento do recebimento dos objetos no balcAAAAo da ATOE. Para os distritos especiais encomendas, na saAAAAda do SalAAAAo Operacional. PERAAAAODO: Nos dias da verificaAAAAAAAAo. AMOSTRA: Todos os distritos. MARGEM DE TOLERAAAANCIA: NAAAAo hAAAA.;MANDIS 2/2 MANDIS 3/1
12;A conferAAAAancia exaustiva dos objetos AAAA realizada conforme o previsto Aspectos: SeguranAAAAa e Prioridade PONTO DE VERIFICAAAAAAAAAO: SalAAAAo Operacional, SRO e RelatAAAA3rio de ConferAAAAancia da FunAAAAAAAAo E. PERAAAAODO: Os dias da verificaAAAAAAAAo e mais 3 dias entre os AAAAoltimos 30. AMOSTRA: 01 RelatAAAA3rio por dia. MARGEM DE TOLERAAAANCIA: Distritos da plataformizaAAAAAAAAo.;4;N;N;OBJETIVO DO ITEM: Garantir a seguranAAAAa da carga. FORMA DE AVALIAR: 1. Observar se o supervisor ou outra pessoa designada realiza a conferAAAAancia exaustiva dos distritos especiais, na quantidade e frequAAAAancia previstas e na presenAAAAa do carteiro, no momento da saAAAAda para distribuiAAAAAAAAo ou na estaAAAAAAAAo da LOEC automAAAAtica. 2. Verificar se o relatAAAA3rio emitido pelo SRO na funAAAAAAAAo E estAAAA arquivado eletronicamente na unidade. 3. Verificar no arquivo se hAAAA registro da conferAAAAancia para todos os dias em que houver operaAAAAAAAAo do perAAAAodo em anAAAAlise. 4. Caso se identifique na amostra divergAAAAancia durante a conferAAAAancia, comparar com o rastreamento e verificar se: a a baixa do objeto foi feita no mesmo dia; b em caso de extravio, hAAAA documentaAAAAAAAAo formal de apuraAAAAAAAAo por meio de processo SEI.;MANDIS 2/2
13;Os objetos ME e MD recebem o tratamento conforme previsto Aspectos: InformaAAAAAAAAo e Produtividade;2;N;N;OBJETIVO DO ITEM: Garantir o correto tratamento e o fluxo dos objetos. FORMA DE AVALIAR: 1. Selecionar objetos ME e MD e verificar se receberam o tratamento previsto. PONTO DE VERIFICAAAAAAAAAO: SalAAAAo Operacional e SRO. PERAAAAODO: Nos dias de verificaAAAAAAAAo. AMOSTRA: Todos os objetos. TOLERAAAANCIA: NAAAAo hAAAA.;MANDIS 2/3
14;A entrega interna de objetos AAAA realizada conforme previstoAspectos: InformaAAAAAAAAo e SeguranAAAAaPONTO DE VERIFICAAAAAAAAAO: Arquivos de LDIs, LEM do distrito de entrega interna e balcAAAAo de atendimento. PERAAAAODO: Nos AAAAoltimos 30 dias incluir os dias da verificaAAAAAAAAo. AMOSTRA: 10 listas LDI  LEM ou todas as listas se a quantidade total for menor que 10. MARGEM DE TOLERAAAANCIA: NAAAAo hAAAA.;2;N;S;OBJETIVO DO ITEM: Garantir que o objeto seja entregue ao destinatAAAArio correto e com os procedimentos previstos. FORMA DE AVALIAR: 1. Para unidades que realizam a entrega interna por meio do SRO MAAAA3vel rastrear os objetos e observar se: a a qualidade das imagens permite identificaAAAAAAAAo dos dados conforme o previsto; b hAAAA assinatura legAAAAvel do recebedor e confere com o nome do destinatAAAArio/remetente, e se hAAAA autorizaAAAAAAAAo; c hAAAA o nAAAAomero do documento do recebedor; d caso nAAAAo haja a foto do objeto no SRO, verificar se a unidade gerou a LDI impressa e se os procedimentos previstos foram realizados. 2. Verificar nas LEMs internas se: a todos os campos necessAAAArios estAAAAo preenchidos; b a assinatura AAAA da pessoa autorizada a receber o Malote. 3. Considerar NA se a unidade nAAAAo realizar nenhuma entrega interna no perAAAAodo avaliado ou se a unidade nAAAAo faz entrega interna.;MANATE 4/1anexo 2 CARTILHA 5 Ps.
15;Os procedimentos dos objetos destinados ao LOCKER estAAAAo sendo realizados conforme o previsto Aspecto: InformaAAAAAAAAo e produtividade.;2;N;S;OBJETIVO DO ITEM: Garantir a informaAAAAAAAAo correta para o cliente. FORMA DE AVALIAR: 1. Identificar os distritos que possuem vinculaAAAAAAAAo com o LOCKER. 2. Pesquisar os objetos lanAAAAados para o LOCKER. 3. Verificar se foram realizados corretamente os procedimentos de induAAAAAAAAo e disponibilizaAAAAAAAAo do objeto. 4. Em caso de inoperAAAAncia do LOCKER, verificar se a baixa ocorre conforme o previsto. 5. Considerar o item Conforme caso tenham sido realizadas correAAAAAAAAes de eventos no mesmo dia. 6. Considerar NA para as unidades que nAAAAo possuem LOCKER vinculado ou se nAAAAo houve objeto destinado ao LOCKER no perAAAAodo. PONTO DE VERIFICAAAAAAAAAO: SRO. PERAAAAODO: AAAAltimos 10 dias anteriores AAAA  verificaAAAAAAAAo e o primeiro dia da verificaAAAAAAAAo. AMOSTRA: 100 dos objetos do perAAAAodo. MARGEM DE TOLERAAAANCIA: NAAAAo hAAAA.;MANDIS 3/1 anexo 4 Caderno Operacional do LOCKER
16;Os procedimentos dos objetos destinados AAAA  CCI estAAAAo sendo realizados conforme o previstoAspectos: InformaAAAAAAAAo e produtividade;2;N;S;OBJETIVO DO ITEM: Garantir a informaAAAAAAAAo correta para o cliente. FORMA DE AVALIAR: 1. Identificar os distritos que possuem vinculaAAAAAAAAo com CCI. 2. Pesquisar os objetos lanAAAAados para a CCI. 3. Verificar se foram realizados corretamente os procedimentos de induAAAAAAAAo e disponibilizaAAAAAAAAo do objeto. 4. Verificar se a baixa ocorre conforme o previsto, inclusive se a imagem corresponde a tela de depAAAA3sito do objeto em CCI. Em caso de inoperAAAAncia da CCI, observar os procedimentos previstos 5. Considerar o item Conforme caso tenham sido realizadas correAAAAAAAAes de eventos no mesmo dia. 6. Considerar NA para as unidades que nAAAAo possuem CCI vinculada ou se nAAAAo houve objeto destinado AAAA  CCI no perAAAAodo avaliado. PONTO DE VERIFICAAAAAAAAAO: SRO. PERAAAAODO: AAAAltimos 10 dias anteriores AAAA  verificaAAAAAAAAo e o primeiro dia da verificaAAAAAAAAo. AMOSTRA: 100 dos objetos do perAAAAodo. MARGEM DE TOLERAAAANCIA: NAAAAo hAAAA.;MANDIS 3/1 anexo 4 Cartilha 5Ps TLT CCI
Lista: 2025 - CDD - LISTA 2 - LEIAUTE, SINALIZAAAAAAAAAO, DOCUMENTAAAAAAAAAO E SEGURANAAAAA;;;;;;
NAAAAo;Item de VerificaAAAAAAAAo;Peso;Tipo;NA;OrientaAAAAAAAAo;ReferAAAAancia
1;O acesso de pessoas AAAA  unidade AAAA controladoAspecto: SeguranAAAAa;1;N;N;OBJETIVO DO ITEM: Evitar o trAAAAnsito livre de pessoas na unidade e garantir a seguranAAAAa postal. FORMA DE AVALIAR: 1. Verificar se: a todos os empregados, inclusive os terceirizados e jovens aprendizes, portam o crachAAAA em lugar visAAAAvel, possibilitando a identificaAAAAAAAAo da pessoa; b os visitantes e prestadores de serviAAAAo portam o crachAAAA ou outra identificaAAAAAAAAo em lugar visAAAAvel que comprove o controle de acesso; c AAAA controlado e restrito o acesso de pessoas estranhas AAAA  unidade. PONTO DE VERIFICAAAAAAAAAO: Toda a unidade. PERAAAAODO: Nos dias da verificaAAAAAAAAo. AMOSTRA: 100 dos acessos. MARGEM DE TOLERAAAANCIA: NAAAAo hAAAA.;MANORG 11/6 e 7
2;Os mAAAA3veis, unitizadores e equipamentos operacionais sAAAAo usados correta e adequadamente e as bicicletas sAAAAo guardadas em local seguro Aspectos: Produtividade e SeguranAAAAa.;2;N;N;OBJETIVO DO ITEM: Propiciar organizaAAAAAAAAo e bem estar no ambiente de trabalho, seguranAAAAa ao objeto postal e garantir a integridade dos unitizadores e equipamentos operacionais. FORMA DE AVALIAR: 1. Verificar se hAAAA objetos pessoais nos mAAAA3veis e equipamentos operacionais. 2. Verificar se as bicicletas sAAAAo armazenadas em local seguro, preferencialmente em lugar coberto e protegido das variaAAAAAAAAes climAAAAticas. 3. Considerar NAAAAo Conforme se verificados mAAAA3veis ou equipamentos sendo utilizados para outras finalidades e/ou se em qualquer fase do processo produtivo houver manuseio indevido de unitizadores arremessar, jogar ou arrastar. PONTO DE VERIFICAAAAAAAAAO: Toda a unidade. PERAAAAODO: Nos dias da verificaAAAAAAAAo. AMOSTRA: Todos os mAAAA3veis e equipamentos operacionais. MARGEM DE TOLERAAAANCIA: NAAAAo hAAAA.;MANORG 11/6 e 7 MANDIS 2/1 anexo 2 SEI: 53180.037075/2023-36
3;A manutenAAAAAAAAo preventiva dos Equipamentos de MovimentaAAAAAAAAo Interna de Carga EMIC - elAAAAtricos prAAAA3prios AAAA realizada quando prevista Aspectos: InformaAAAAAAAAo, SeguranAAAAa e Produtividade.;3;N;S;OBJETIVO DO ITEM: Verificar se AAAA realizada a gestAAAAo das manutenAAAAAAAAes nos EMICs de forma tempestiva FORMA DE AVALIAR; Solicitar ao gestor da unidade: a O manual do equipamento, em versAAAAo fAAAAsica ou digital. b A comprovaAAAAAAAAo de que foram realizadas as manutenAAAAAAAAes preventivas de acordo com o determinado no manual de cada equipamento elAAAAtrico ou a combustAAAAo. 2. Considerar nAAAAo conforme se para qualquer dos equipamentos que alcanAAAAou o tempo da manutenAAAAAAAAo preventiva nAAAAo houver a respectiva comprovaAAAAAAAAo da execuAAAAAAAAo do serviAAAAo. 3. Considerar NA caso a unidade nAAAAo utilize EMICs. PONTO DE VERIFICAAAAAAAAAO: AAAAmbito da unidade. PERAAAAODO: Nos dias da verificaAAAAAAAAo e em todo o perAAAAodo desde a verificaAAAAAAAAo anterior. AMOSTRA: Todos os Equipamentos de MovimentaAAAAAAAAo interna de Carga EMIC prAAAA3prios. MARGEM DE TOLERAAAANCIA: NAAAAo hAAAA.;Manuais dos equipamentos OfAAAAcio Circular nAAAA 48186251/2024 - GEPT-DTRAT e seus anexos
4;Os equipamentos de movimentaAAAAAAAAo elAAAAtricos sAAAAo desligados apAAAA3s o uso Aspectos: InformaAAAAAAAAo, SeguranAAAAa e Produtividade;3;N;S;OBJETIVO DO ITEM: Verificar a ocorrAAAAancia do uso consciente dos EMICs. FORMA DE AVALIAR: 1. Observar se cada equipamento elAAAAtrico de movimentaAAAAAAAAo AAAA desligado imediatamente apAAAA3s o uso. 2. Considerar nAAAAo conforme se for constatado o equipamento ligado e sem uso. 3. Considerar NA caso a unidade nAAAAo utilize equipamentos de movimentaAAAAAAAAo elAAAAtricos. PONTO DE VERIFICAAAAAAAAAO: AAAAmbito da unidade. PERAAAAODO: Nos dias da verificaAAAAAAAAo. AMOSTRA: Todos os equipamentos de movimentaAAAAAAAAo elAAAAtricos. MARGEM DE TOLERAAAANCIA: NAAAAo hAAAA.;ObservaAAAAAAAAo presencial e visual do equipamento.
5;AAAA realizado o carregamento das baterias dos Equipamentos de MovimentaAAAAAAAAo Interna MCIs de acordo com o previsto Aspectos: InformaAAAAAAAAo, Produtividade e SeguranAAAAa.;3;N;S;OBJETIVO DO ITEM Verificar a ocorrAAAAancia do uso consciente dos Equipamentos de MovimentaAAAAAAAAo Interna EMICs FORMA DE AVALIAR: 1. Observar no painel de cada equipamento o indicador de carga de bateria.2. Considerar nAAAAo conforme se for constatado: a obstruAAAAAAAAo do sinal sonoro de algum equipamento. b carregamento for realizado apenas quando a carga do equipamento estiver totalmente consumida; c equipamento ainda conectado para carregamento apAAAA3s a bateria apresentar 100 de carga. d Considerar NA caso a unidade nAAAAo utilize EMICs que necessitem de carregamento da bateria. PONTO DE VERIFICAAAAAAAAAO: AAAAmbito da Unidade. PERAAAAODO: Nos dias da verificaAAAAAAAAo. AMOSTRA: Todos os Equipamentos de MovimentaAAAAAAAAo Interna de Carga MCIs.;Manuais dos Equipamentos
6;Todos os locais onde ocorrem carregamento e descarregamento, operaAAAAAAAAes de processamento e espera de carga estAAAAo devidamente organizados e identificados Aspectos: InformaAAAAAAAAo, SeguranAAAAa e Produtividade;3;N;N;OBJETIVO DO ITEM: Garantir a identificaAAAAAAAAo e organizaAAAAAAAAo dos locais de processamento e espera de carga. FORMA DE AVALIAR: 1. Verificar se os locais de processamento e espera de carga: a possuem identificaAAAAAAAAo; b estAAAAo organizados; c sAAAAo respeitados. 2. Considerar Conforme caso a identificaAAAAAAAAo esteja em carrinhos. PONTO DE VERIFICAAAAAAAAAO: Toda a unidade. PERAAAAODO: Nos dias de verificaAAAAAAAAo. AMOSTRA: Locais de processamento e espera de carga. MARGEM DE TOLERAAAANCIA: NAAAAo hAAAA.;MANPOC 4/5 MANPOC 4/6 anexo 2
7;Os unitizadores vazios estAAAAo armazenados em local definido e identificado Aspectos: InformaAAAAAAAAo, Produtividade e SeguranAAAAa PONTO DE VERIFICAAAAAAAAAO: Toda a unidade e veAAAAculos. PERAAAAODO: Nos dias da verificaAAAAAAAAo. AMOSTRA: Toda a unidade e 100 dos unitizadores. MARGEM DE TOLERAAAANCIA: NAAAAo hAAAA.;3;N;N;OBJETIVO DO ITEM: Garantir a organizaAAAAAAAAo da unidade e a devoluAAAAAAAAo dos unitizadores ao fluxo postal. FORMA DE AVALIAR: 1. Observar se: a estAAAAo identificados os locais para a armazenagem de unitizadores vazios; b os locais definidos para armazenagem de unitizadores sAAAAo respeitados. 2. Observar, em toda a unidade, se todos os unitizadores sAAAAo devolvidos diariamente. 3. Considerar Conforme: a se observado unitizador parado na unidade de um dia para o outro devido AAAA  falta de cubagem da linha que realiza a devoluAAAAAAAAo dos unitizadores; b no caso de unidades que atuam como subcentralizadoras e/ou atendam linhas de transporte para suprir outras unidades com o fornecimento de unitizadores e comprovado por escrito; c se os unitizadores retidos forem em quantidade mAAAAnima para iniciar a operaAAAAAAAAo do dia seguinte. 4. Considerar NAAAAo Conforme se forem verificados unitizadores para armazenamento de objetos ARE.;MANENC 4/2 anexo 1
8;O controle da carga da DistribuiAAAAAAAAo DomiciliAAAAria Alternada DDA AAAA realizado conforme previsto Aspectos: InformaAAAAAAAAo e Produtividade. 4. Considerar NA para as verificaAAAAAAAAes de CEE. PONTO DE VERIFICAAAAAAAAAO: Toda a unidade, SGPD e SRO. PERAAAAODO: Nos dias da verificaAAAAAAAAo. AMOSTRA: Para o simples, 3 direAAAAAAAAes de 10 dos distritos. Para o qualificado, 3 objetos de cada distrito de 10 dos distritos. MARGEM DE TOLERAAAANCIA: NAAAAo hAAAA.;2;N;S;OBJETIVO DO ITEM: Garantir controle e qualidade da carga no processo da DDA. FORMA DE AVALIAR: 1. Retirar amostras das caixetas com carga da alternAAAAncia e verificar se os objetos estAAAAo armazenados conforme a identificaAAAAAAAAo do lado A ou B. 2. Identificar no SGPD o lado da alternAAAAncia que serAAAA distribuAAAAdo no dia. 3. ApAAAA3s a saAAAAda do carteiro para distribuiAAAAAAAAo: a retirar amostras de objetos das Caixetas CTA-04 ou no caso da falta destas, qualquer outro unitizador disponAAAAvel na unidade, desde que devidamente identificado ou, para as unidades em AIS, diretamente dos manipuladores; b verificar se o endereAAAAamento dos objetos simples estAAAAo condizentes com o etiquetamento do plano da segunda triagem/SL do lado sem previsAAAAo de entrega no dia; c para os objetos qualificados da alternAAAAncia nAAAAo previstos para distribuiAAAAAAAAo, comparar o endereAAAAamento com a relaAAAAAAAAo de trechos do SRO. Para a comparaAAAAAAAAo poderAAAA ser utilizada a leitura em LOEC automAAAAtica com o lado previsto no SGPD.;GUIA SGPD MANPOC 15/7 MANPOC 15/7 anexo 2
9;Os procedimentos para aferiAAAAAAAAo e lanAAAAamento de resto simples e qualificado estAAAAo sendo feitos conforme previstoAspectos: InformaAAAAAAAAo e Prioridade.;4;N;N;OBJETIVO DO ITEM: Garantir a fidedignidade dos dados referentes ao resto. FORMA DE AVALIAR: 1. Nos dias da verificaAAAAAAAAo, observar para os objetos simples se: a os gestores da unidade compactam, contam e lanAAAAam no SGPD o resto de mesa e carga parada b foi lanAAAAada toda a carga do lado previsto para distribuiAAAAAAAAo que nAAAAo saiu para entrega, com exceAAAAAAAAo do IPTU dentro da data prevista para entrega. 2. Para os objetos qualificados, verificar se hAAAA resAAAAduo de mesa informado menor do que o existente na unidade. 3. Considerar Conforme caso haja correAAAAAAAAes de lanAAAAamento no SGPD feitas no mesmo dia. PONTO DE VERIFICAAAAAAAAAO: Toda a unidade, SRO e SGPD desconsiderar o SGPD para os CEE. PERAAAAODO: Nos dias da verificaAAAAAAAAo e AAAAoltimos 30 dias. AMOSTRA: Todo o resto. MARGEM DE TOLERAAAANCIA: NAAAAo hAAAA.;MANDIS 2/1 anexo 3 Guia SGPD
10;Todos os lanAAAAamentos previstos para o SGPD sAAAAo registrados corretamente e conforme as etapas operacionais Aspectos: InformaAAAAAAAAo e Prioridade;4;N;N;OBJETIVO DO ITEM: Garantir o lanAAAAamento correto e fidedigno das informaAAAAAAAAes no sistema. FORMA DE AVALIAR: 1. Verificar se todos os lanAAAAamentos previstos foram realizados corretamente no SGPD. 2. Considerar NAAAAo Conforme se observado o lanAAAAamento de inAAAAcio das atividades e saAAAAda para distribuiAAAAAAAAo simultaneamente. PONTO DE VERIFICAAAAAAAAAO: SGPD. PERAAAAODO: Um dia entre os AAAAoltimos 15 dias anteriores e o primeiro dia da verificaAAAAAAAAo. AMOSTRA: Para CDD: 50 de cada tipo de distrito .Para CEE: 20 dos distritos. MARGEM DE TOLERAAAANCIA: NAAAAo hAAAA.;MANDIS 2/1anexo 2 MANDIS 2/2anexo 2MANDIS 2/4 Guia do SGPD Cartilha 5Ps.
11;As pendAAAAancias indicadas no SIGMA sAAAAo tratadas conforme o previstoAspectos: InformaAAAAAAAAo e Prioridade.;4;N;S;OBJETIVO DO ITEM: Garantir a qualidade da informaAAAAAAAAo ao cliente. FORMA DE AVALIAR: 1. Acessar o SIGMA e verificar se nAAAAo hAAAA Malotes pendentes, exceto os do dia anterior. 2. ApAAAA3s a emissAAAAo das listas de Malote, verificar no SIGMA se nAAAAo hAAAA percursos pendentes de distritamento do dia anterior. 3. Considerar NA para unidades que nAAAAo realizam esse serviAAAAo. PONTO DE VERIFICAAAAAAAAAO: SIGMA. PERAAAAODO: Nos 5 dias imediatamente anteriores a data da verificaAAAAAAAAo. AMOSTRA: Todas as pendAAAAancias. MARGEM DE TOLERAAAANCIA: NAAAAo hAAAA.;MANDIS 2/2 e 3/2MANENC 6/11Cartilha 5Ps
12;Em caso de irregularidades sAAAAo emitidos os documentos pertinentes Aspectos: InformaAAAAAAAAo e SeguranAAAAa;2;N;N;OBJETIVO DO ITEM: Registrar ocorrAAAAancia de irregularidade e resguardar a unidade em caso de indenizaAAAAAAAAo. FORMA DE AVALIAR: 1. Observar durante o processo operacional se sAAAAo identificadas ocorrAAAAancias que impliquem necessidade de emissAAAAo de CIE, AI, TC ou MI, inclusive para os casos de falta de compactaAAAAAAAAo/unitizaAAAAAAAAo da carga recebida utilizando o motivo Outros. 2. Caso a unidade receba a carga no perAAAAodo vespertino, verificar se esta AAAA tratada e o documento registrado na manhAAAA do dia seguinte, se houver necessidade. 3. Verificar se a unidade tem arquivo com esses documentos. 3. Escolher aleatoriamente 10 objetos citados nos documentos de irregularidades, anotar os nAAAAomeros de registro e pesquisar no SRO/SIGMA para confirmar se a data da emissAAAAo corresponde AAAA  data de chegada do objeto na unidade. PONTO DE VERIFICAAAAAAAAAO: CIE, SRO, SIGMA e arquivos da Unidade. PERAAAAODO: Nos dias da verificaAAAAAAAAo e os AAAAoltimos 30 dias. AMOSTRA: 10 objetos e documentos. MARGEM DE TOLERAAAANCIA: NAAAAo hAAAA.;MANCAT 16/3 anexo 2 MANENC 16/1 MANENC 16/2 Cartilha 5Ps
13;A unidade realiza a gestAAAAo das CIE recebidasAspectos: InformaAAAAAAAAo e Prioridade;4;N;N;OBJETIVO DO ITEM: Verificar se a unidade realiza a gestAAAAo das CIEs, tomando conhecimento das irregularidades nos processos para posterior correAAAAAAAAo. FORMA DE AVALIAR: 1. Verificar se foi informado no sistema, em atAAAA 2 dias AAAAoteis, as providAAAAancias adotadas para corrigir as irregularidades relatadas. 2. Considerar NAAAAo Conforme nos seguintes casos: a se houver CIE nAAAAo lidas e/ou nAAAAo respondidas de acordo com os prazos estabelecidos; b se a Unidade possuir mais de 3 CIE reincidentes recebidas por um mesmo motivo e da mesma unidade em dias distintos. 3. Considerar Conforme nos casos de CIEs recebidas de forma improcedente. PONTO DE VERIFICAAAAAAAAAO: Sistema CIE. PERAAAAODO: Nos dias da verificaAAAAAAAAo e os AAAAoltimos 30 dias. AMOSTRA: 100 das CIEs. MARGEM DE TOLERAAAANCIA: NAAAAo hAAAA.;MANORG 11/6 e 7 MANENC 16/1Cartilha 5Ps
14;O acompanhamento externo do distrito AAAA realizado conforme o previsto Aspectos: InformaAAAAAAAAo, Produtividade e Prioridade.7. NAAAAo considerar na pesquisa os novos distritos incorporados nos AAAAoltimos 90 dias. PONTO DE VERIFICAAAAAAAAAO: a Boletim de Acompanhamento AAAA FW0122/10 CDD; b Boletim de Acompanhamento - CEEPERAAAAODO: Semestres fechados de 2025. AMOSTRA: 100 dos distritos com previsAAAAo de acompanhamentos.;5;N;S;OBJETIVO DO ITEM: Garantir a qualidade na prestaAAAAAAAAo dos serviAAAAos. FORMA DE AVALIAR: 1. Verificar se: a A unidade realizou acompanhamento semestral de cada distrito. b A unidade preencheu corretamente o formulAAAArio Boletim de Acompanhamento FW0122/10 disponivel na lista de formulAAAArios eletrAAAA nicos; 2. Considerar conforme se: a Ao final do 1AAAAo semestre a unidade realizou acompanhamento em pelo menos 25 dos seus distritos, b Ao final do 2AAAAo semestre a unidade realizou acompanhamento de todos os seus distritos c Houve acompanhamento nos dois lados A e B do distrito da alternAAAAncia. 3. NAAAAo considerar os distritos exclusivos de coleta. 4 Considerar NAAAAo Conforme, caso a unidade nAAAAo tenha o AAAAoltimo SD implantado do DDA. 5. Considerar Conforme caso a unidade realize o acompanhamento utilizando o GEO Correios TMS 6. Considerar NA caso a avaliaAAAAAAAAo seja realizada antes do 1AAAAo semestre fechado e a unidade ainda nAAAAo tenha realizado 50 dos acompanhamentos dos distritos.;OFAAAACIO CIRCULAR NAAAAo 56613330/2025 - GPPN-DEDIS
15;A pesquisa externa AAAA realizada conforme o previsto Aspectos: InformaAAAAAAAAo, Produtividade e Prioridade PONTO DE VERIFICAAAAAAAAAO: FormulAAAArio Pesquisa Externa - FW0137/12 PERAAAAODO: Semestres fechados de 2025. AMOSTRA: 100 dos distritos com previsAAAAo de realizaAAAAAAAAo de pesquisa.;5;N;S;OBJETIVO DO ITEM: Garantir a qualidade na prestaAAAAAAAAo dos serviAAAAos. FORMA DE AVALIAR: 1. Verificar se a A unidade pesquisou cada distrito, semestralmente ou quando da ocorrAAAAancia de reclamaAAAAAAAAes ou baixa efetividade de entrega, tanto para os objetos entregues/coletados, quanto para as anotaAAAAAAAAes feitas pelo carteiro, utilizando o FormulAAAArio Pesquisa Externa - FW0137/12, disponAAAAvel na lista de formulAAAArios eletrAAAA nicos. b a Unidade pesquisou, pelo menos, cinco pontos de entrega/coleta distintos, preferencialmente de destinatAAAArios que geralmente nAAAAo estejam aguardando recebimento programado de objetos catAAAAlogos, prospectos etc.. 2. para a pesquisa nos distritos postais, considerar a soma dos pontos pesquisados no lados A e lado B.3. Considerar NA caso a avaliaAAAAAAAAo seja realizada antes do 1AAAAo semestre fechado e a unidade ainda nAAAAo tenha realizado todas as pesquisas dos distritos.;OFAAAACIO CIRCULAR NAAAAo 56613330/2025 - GPPN-DEDIS
16;A unidade utiliza o SGRU conforme previsto Aspectos: InformaAAAAAAAAo e Produtividade;2;N;N;OBJETIVO DO ITEM: Garantir o fluxo de unitizadores no encaminhamento. FORMA DE AVALIAR: 1. Verificar no SGRU se hAAAA envio dos unitizadores vazios para a centralizadora vinculada. 2. Considerar as excepcionalidades previstas nos documentos de referAAAAancia. 3. Considerar NAAAAo Conforme nos casos de: a nAAAAo haver devoluAAAAAAAAo diAAAAria; b serem identificados unitizadores usados para propAAAA3sitos diversos que os da operaAAAAAAAAo; c haver na unidade estoque maior que a quantidade necessAAAAria para uso cotidiano da unidade, conforme definido na parametrizaAAAAAAAAo do SGRU. PONTO DE VERIFICAAAAAAAAAO: SGRU e SalAAAAo Operacional. PERAAAAODO: AAAAltimos 30 dias. AMOSTRA: Todos os unitizadores vazios. MARGEM DE TOLERAAAANCIA: NAAAAo hAAAA.;MANENC 4/1 anexo 2 MANENC 4/2 SEI 53180.027851/2023-90 http://snu0075/sgru/login
17;A GestAAAAo da conferAAAAancia eletrAAAA nica AAAA realizada diariamente conforme o previsto Aspectos: SeguranAAAAa, InformaAAAAAAAAo e Prioridade.;5;N;N;OBJETIVO DO ITEM: Garantir a gestAAAAo correta do encaminhamento de objetos, visando evitar extravios e indenizaAAAAAAAAes.FORMA DE AVALIAR:1.Verificar no SROWeb se:a os objetos pendentes e os faltantes foram tratados no prazo; b Os ROEs gerados e recebidos foram abertos e conferidos.; 2. Verificar no SROWeb menu ROE, se o arquivo PDF estAAAA disponAAAAvel para downloads e se foram gerados no mesmo dia da exclusAAAAo. 3. Considerar Conforme caso haja ofAAAAcio doAAAA Departamento gestorcomprovando suspensAAAAo dos procedimentos noAAAA perAAAAodo avaliado. PONTO DE VERIFICAAAAAAAAAO: Menu ROE do SROWeb.PERAAAAODO: AAAAltimos 3 meses anteriores e o mAAAAas atual.AMOSTRA: 50 dos relatAAAA3rios de cada mAAAAas e TODOS os relatAAAA3rios do mAAAAas atual.MARGEM DE TOLERAAAANCIA: NAAAAo hAAAA.;SROWeb OFAAAACIO CIRCULAR NAAAAo 55297314/2025 - GPLO-DEPLA Cartilha 5Ps
18;A Unidade responde as manifestaAAAAAAAAes e/ou pedidos de informaAAAAAAAAes do Fale Conosco dentro do prazo estabelecido Aspecto: InformaAAAAAAAAo;1;N;N;OBJETIVO DO ITEM: Garantir o atendimento da demanda do cliente no prazo. FORMA DE AVALIAR: 1. Solicitar ao Gestor da unidade para acessar o Fale Conosco 2. Considerar NAAAAo Conforme se, em qualquer um dos perAAAAodos avaliados, o resultado do Indicador Prazo de Resposta Parcial -AAAArea aferido for inferior AAAA  meta estabelecida, constante no Sistema Fale Conosco. PONTO DE VERIFICAAAAAAAAAO: Fale Conosco. PERAAAAODO: MAAAAas da verificaAAAAAAAAo e o anterior. AMOSTRA: Pedidos de InformaAAAAAAAAo e ManifestaAAAAAAAAes constantes no Fale Conosco. MARGEM DE TOLERAAAANCIA: NAAAAo hAAAA.;MANCAT 32/4 Cartilha 5Ps
19;Os objetos destinados a entrega interna ARE, sAAAAo disponibilizados ao cliente dentro do prazo previsto Aspectos: Produtividade, InformaAAAAAAAAo e SeguranAAAAa.;3;N;S;OBJETIVO DO ITEM: Garantir que os objetos de ARE sejam disponibilizados ao cliente no prazo. FORMA DE AVALIAR: 1 . Verificar se os objetos sinalizados como ARE, sAAAAo disponibilizados para entrega interna dentro do prazo previsto. 2. Considerar NA para as unidades que nAAAAo possuem ARE. PONTO DE VERIFICAAAAAAAAAO: ATOE ou AAAArea destinada ao tratamento de objetos ARE. PERAAAAODO: Nos dias de verificaAAAAAAAAo.AMOSTRA: Todos os objetos, no limite de 30.MARGEM DE TOLERAAAANCA: NAAAAo hAAAA.;MANATE - Mod. 04 Cap. 01 anexo 02.
20;Os ARs recebem o tratamento conformeprevisto Aspecto: InformaAAAAAAAAo e Produtividade;2;N;N;OBJETIVO DO ITEM: Evitar o extravio e garantir a integridade dos objetos. FORMA DE AVALIAR: 1.Observar, apAAAA3s o conferente, se estAAAAo anotados nos ARs os dados do recebedor nos campos indicados e sua assinatura, rAAAAobrica e matrAAAAcula do carteiro.2. Se o carimbo datador foi aplicado com a data de entrega do objeto.3. Nos objetos de nova tentativa, verificar se foi realizado anotaAAAAAAAAo das tentativas de entrega tambAAAAm no AR, nos campos prAAAA3prios. PONTO DE VERIFICAAAAAAAAAO: ATOE ou local de guarda dos ARs. PERAAAAODO: Nos dias da verificaAAAAAAAAo. AMOSTRA: Todos os ARs. MARGEM DE TOLERAAAANCIA: NAAAAo hAAAA.;MANDIS 2/4 MANDIS 3/1 MANCAT 7/2
21;A unidade regulariza as pendAAAAancias de ARs Digitais identificadas no SGD Aspectos: InformaAAAAAAAAo e Produtividade.6. Considerar Conforme para as pendAAAAancias de objetos do projeto piloto do serviAAAAo de fachada. e ARs baixados fisicamente pelo CDIP no SRO entregue, destruido... quando previsto. PONTO DE VERIFICAAAAAAAAAO: Sistema SGD/SRO. PERAAAAODO: Segundo mAAAAas antes da verificaAAAAAAAAo ex.: se o mAAAAas de verificaAAAAAAAAo for marAAAAo, pesquisar as pendAAAAancias de janeiro. AMOSTRA: 20 ARs pendentes ou todos, se a quantidade for inferior a 20. MARGEM DE TOLERAAAANCIA: NAAAAo hAAAA.;2;N;N;OBJETIVO DO ITEM: Garantir a qualidade da informaAAAAAAAAo. FORMA DE AVALIAR: 1. Acessar o SGD e verificar se existem pendAAAAancias para a unidade avaliada.2. Havendo objetos pendentes, pesquisar no SRO. 3. Considerar Conforme se as pendAAAAancias existentes forem de objetos sem dados do destinatAAAArio null e/ou por erro na utilizaAAAAAAAAo de etiqueta, mas houver comunicaAAAAAAAAo por e-mail ao Consultor Comercial responsAAAAvel pelo contrato. 4. Considerar NAAAAo Conforme: a se houver ARs Digitais de objetos pendentes e que correspondam AAAA  unidade avaliada; b caso o CDIP devolva o AR para ajustes e a unidade nAAAAo tenha feito os ajustes necessAAAArios. 5. NAAAAo considerar para efeito de avaliaAAAAAAAAo de conformidade os ARs Digitais de objetos expedidos para entrega interna ou os ARs de objetos que contenham apenas o evento de postagem no rastreamento ou extraviados;Procedimentos Operacionais AR Digital, MANCAT 7/13, item 2.2.1
22;Houve visita do CAE/CUO AAAA  unidade com a aplicaAAAAAAAAo do relatAAAA3rio de visita Aspectos: InformaAAAAAAAAo e Produtividade.;2;N;N;OBJETIVO DO ITEM: Garantir a gestAAAAo da unidade e dos processos de melhoria contAAAAnua. FORMA DE AVALIAR: 1. Solicitar que o gerente apresente o SEI com a previsAAAAo das visitas AAAA  unidade com a comprovaAAAAAAAAo da ciAAAAancia. 2. Verificar no SAPPP ou SIAD, se a unidade recebeu visita do CAE/CUO. 2. Considerar Conforme caso seja apresentada documentaAAAAAAAAo da SE estabelecendo cronograma definido com previsAAAAo de visitas mais espaAAAAado que o trimestre, desde que o cronograma esteja sendo cumprido. PERAAAAODO: Trimestre anterior Jan a Mar; Abr a Jun; Jul a Set; Out a Dez. PONTO DE VERIFICAAAAAAAAAO: SAPPP e SEI. AMOSTRA: RelatAAAA3rios SAPPP. MARGEM DE TOLERAAAANCIA: NAAAAo hAAAA.;OFAAAACIO CIRCULAR NAAAAo 48237572/2024 - GPPN-DEDIS http://snu0037/siad/login
23;A unidade mantAAAAm o percentual de regularidade de no mAAAAnimo 80 do checklist de visita do CAE/CUO Aspectos: InformaAAAAAAAAo e Produtividade.;2;N;S;OBJETIVO DO ITEM: Garantir a gestAAAAo do processo produtivo da unidade e a melhoria contAAAAnua. FORMA DE AVALIAR: 1. Verificar no SAPPP ou SIAD o AAAAoltimo relatAAAA3rio de visita do CAE/CUO AAAA  unidade. 2. Verificar se o percentual de regularidade do checklist estAAAA dentro dos 80 previstos. 3. Considerar NAAAAo Conforme se inexistir preenchimento do checklist no SAPPP para a visita prevista e realizada. 4. Considerar NA se nAAAAo houve a visita do CAE/CUO AAAA  unidade no perAAAAodo da amostra. PONTO DE VERIFICAAAAAAAAAO: SAPPP. PERAAAAODO: Trimestre anterior ao da avaliaAAAAAAAAo ou AAAAoltima avaliaAAAAAAAAo no ano de exercAAAAcio a visita mais prAAAA3xima da verificaAAAAAAAAo. AMOSTRA: Checklist CAE PPP. MARGEM DE TOLERAAAANCIA: NAAAAo hAAAA.;MANORG 11/6 e 7
24;A unidade passou pelas verificaAAAAAAAAes de avaliaAAAAAAAAo e certificaAAAAAAAAo, respectivamente, no ciclo anteriorAspecto: Produtividade;1;N;S;OBJETIVO DO ITEM: Garantir a gestAAAAo do processo produtivo da unidade e a melhoria contAAAAnua. FORMA DE AVALIAR: 1. Verificar no SAPPPWeb se no RelatAAAA3rio/Acompanhamento HistAAAA3rico da Unidade constam os lanAAAAamentos das verificaAAAAAAAAes de avaliaAAAAAAAAo e certificaAAAAAAAAo do ciclo anterior. 2. Considerar Conforme se as unidade deixou de fazer uma das avaliaAAAAAAAAes, desde que com documento de autorizaAAAAAAAAo pelo DEDIS. 3. Considerar NA se a unidade for criada durante o ciclo vigente. PONTO DE VERIFICAAAAAAAAAO: SAPPPWeb. PERAAAAODO: Ano anterior. AMOSTRA: Ciclo anterior da PPP. MARGEM DE TOLERAAAANCIA: NAAAAo hAAAA.;MANPOC 6/2
25;ApAAAA3s o fechamento da verificaAAAAAAAAo anterior, a unidade elaborou Plano de AAAAAAAAAes Corretivas para cada uma das nAAAAo conformidades e obteve aprovaAAAAAAAAo do gestor Aspectos: InformaAAAAAAAAo e Prioridade.5. Na primeira avaliaAAAAAAAAo de 2025, considerar a verificaAAAAAAAAo do AAAAoltimo semestre de 2024. PONTO DE VERIFICAAAAAAAAAO: SAPPPWeb e SEI. PERAAAAODO: AAAAltima verificaAAAAAAAAo prevista. AMOSTRA: PAC da verificaAAAAAAAAo anterior. MARGEM DE TOLERAAAANCIA: NAAAAo hAAAA.;4;N;S;OBJETIVO DO ITEM: Garantir a atuaAAAAAAAAo sobre as oportunidades de melhoria. FORMA DE AVALIAR: 1.Verificar se: a o PAC da verificaAAAAAAAAo anterior foi preenchido corretamente no sistema, conforme o previsto; b hAAAA documento de aprovaAAAAAAAAo do PAC por instAAAAncia superior em SEI AAAAonico por GERAE; c as nAAAAo conformidades apontadas na verificaAAAAAAAAo anterior foram corrigidas. 2. Considerar este item Conforme se: a houver itens reincidentes, cujas aAAAAAAAAes estejam dentro prazo estabelecido no PAC, desde que devidamente comprovadas pela unidade atravAAAAs de registros e/ou documentos; b o PAC for confeccionado fora do sistema, somente com a autorizaAAAAAAAAo do coordenador nacional da PPP, desde que dentro do prazo previsto; c a unidade obteve 100 de conformidade dos itens na verificaAAAAAAAAo anterior. 3. Considerar NAAAAo se Aplica caso seja a primeira avaliaAAAAAAAAo da unidade, apAAAA3s a instalaAAAAAAAAo. 4. Considerar NAAAAo Conforme caso a unidade nAAAAo tenha realizado a verificaAAAAAAAAo anterior prevista.;MANPOC 6/2Caderno de CritAAAArios PPP
Lista: 2025 - CDD - LISTA 3 - COLETA, EXPEDIAAAAAAAAO E REFUGO;;;;;;
NAAAAo;Item de VerificaAAAAAAAAo;Peso;Tipo;NA;OrientaAAAAAAAAo;ReferAAAAancia
1;Todos os objetos em devoluAAAAAAAAo sAAAAo tratados conforme o previsto Aspectos: InformaAAAAAAAAo e Prioridade. PONTO DE VERIFICAAAAAAAAAO: AAAArea de ExpediAAAAAAAAo, sistema CIE e CEDO. PERAAAAODO: No dia anterior e nos dias da verificaAAAAAAAAo. AMOSTRA: 20 objetos simples ou todos caso a quantidade for menor que 20; 50 objetos qualificados ou todos quando a quantidade for menor que 50. MARGEM DE TOLERAAAANCIA: Para os objetos simples: 01 objeto; Para os objetos qualificados: NAAAAo hAAAA.;4;N;N;OBJETIVO DO ITEM: Garantir a correta informaAAAAAAAAo ao cliente. FORMA DE AVALIAR: 1. Verificar se os objetos em devoluAAAAAAAAo receberam o tratamento conforme o previsto carimbaAAAAAAAAo e anotaAAAAAAAAes, etc.. 2. Considerar Conforme se a expediAAAAAAAAo for feita no dia seguinte nas unidades com Entrega Matutina com Primeira Triagem/TD AAAA  tarde. 3. Consultar no sistema de CIE EletrAAAA nica, por meio do relatAAAA3rio CIE recebidas por unidade de destino, se hAAAA ocorrAAAAancia por Descumprimento do Plano de ExpediAAAAAAAAo e/ou DevoluAAAAAAAAo Indevida do CEDO. 4. Considerar NAAAAo Conforme se forem observados objetos destinados a refugo e entrega interna triados junto aos objetos em devoluAAAAAAAAo, inclusive CEDO. 5. Verificar se os objetos com chancela de devoluAAAAAAAAo eletrAAAA nica sAAAAo baixados conforme previsto.;MANDIS 2/3 anexo 2 MANDIS 3/1 anexo 2
2;A coleta dos objetos AAAA realizada conforme previsto Aspectos: SeguranAAAAa e InformaAAAAAAAAo.;2;N;S;OBJETIVO DO ITEM: Garantir o cumprimento das regras de negAAAA3cio previstas para cada serviAAAAo. FORMA DE AVALIAR: 1. Verificar se as coletas foram realizadas de acordo com o previsto. 2. Considerar NAAAAo Conforme caso sejam identificados pares de encomendas com informaAAAAAAAAo de coleta e entrega que caracterizem a falta de simultaneidade. 3. Considerar NA caso nAAAAo haja ocorrAAAAancia no perAAAAodo verificado ou a unidade nAAAAo realize o serviAAAAo. PONTO DE VERIFICAAAAAAAAAO: SalAAAAo Operacional e sistemas. PERAAAAODO: No mAAAAas da verificaAAAAAAAAo e no mAAAAas anterior para simultaneidade. AMOSTRA: Todos os objetos de coleta da pesquisa se inferior a 10, ou 10 se mais do que isso, em 5 dias aleatAAAA3rios do mAAAAas da verificaAAAAAAAAo e no mAAAAas anterior SCOL, SIGMA e COLETA INTERATIVA. MARGEM DE TOLERAAAANCIA: NAAAAo hAAAA.;MANDIS 3/2MANCAT 16/5 Anexo 2 Cartilha 5Ps
3;Os objetos em devoluAAAAAAAAo e os coletados sAAAAo expedidos conforme previsto Aspectos: Produtividade e InformaAAAAAAAAo.;2;N;S;OBJETIVO DO ITEM: Facilitar/agilizar a operaAAAAAAAAo seguinte. FORMA DE AVALIAR: 1. Solicitar ao gestor que apresente o Plano de ExpediAAAAAAAAo definido pela Centralizadora e confrontar com o Plano solicitado previamente para a Centralizadora. 2. Comparar o etiquetamento do mAAAA3vel/unitizadores: a com o Plano de ExpediAAAAAAAAo definido pela Centralizadora; b com os objetos jAAAA triados. PONTO DE VERIFICAAAAAAAAAO:SRO, SCOL, SIGMA, CIE e mAAAA3vel de triagem/unitizador. PERAAAAODO: Nos dias da verificaAAAAAAAAo e os AAAAoltimos 30 dias. AMOSTRA: CIEs do perAAAAodo e 10 dos objetos para expediAAAAAAAAo. MARGEM DE TOLERAAAANCIA: NAAAAo hAAAA.;MANDIS 2/4
Lista: 2025 - CDD - LISTA 4 - PRESTAAAAAAAAAO DE CONTAS E BAIXA;;;;;;
NAAAAo;Item de VerificaAAAAAAAAo;Peso;Tipo;NA;OrientaAAAAAAAAo;ReferAAAAancia
1;A prestaAAAAAAAAo de contas estAAAA sendo realizada conforme o previsto Aspectos: InformaAAAAAAAAo e Prioridade;4;N;N;OBJETIVO DO ITEM: Garantir a correta execuAAAAAAAAo do processo. FORMA DE AVALIAR: 1. Verificar se a baixa AAAA realizada no mesmo dia da entrega inclusive interna ou da tentativa e se sAAAAo cumpridos todos os procedimentos previstos. 2. Verificar se hAAAA objetos pendentes de baixa. PONTO DE VERIFICAAAAAAAAAO: SRO, SalAAAAo Operacional e SRO monitor. PERAAAAODO: Nos dias da verificaAAAAAAAAo. AMOSTRA: Todos os objetos, AR e listas de todos os distritos. MARGEM DE TOLERAAAANCIA: NAAAAo hAAAA.;MANDIS 2/4 e anexo 2 MANDIS 3/2
2;As imagens e informaAAAAAAAAes dos objetos registradas no SRO estAAAAo de acordo com o previsto Aspectos: InformaAAAAAAAAo e Prioridade.d nAAAAomero do documento do recebedor e horAAAArio da entrega, quando previsto; e a informaAAAAAAAAo ENTREGUE e o horAAAArio para aqueles objetos registrados que dispensem assinatura; f motivo de nAAAAo entrega conforme abreviatura prevista ou anotaAAAAAAAAes por extenso. g caso os objetos sejam para o mesmo endereAAAAo, mas nAAAAo estejam agrupados, deve haver uma assinatura para cada objeto. PONTO DE VERIFICAAAAAAAAAO: SRO ou SIAD e Arquivo de LOEC. PERAAAAODO: 01 dia entre os AAAAoltimos 15 dias incluindo os dias da verificaAAAAAAAAo. AMOSTRA: Todas as LOEC impressas e 01 objeto por distrito com SRO mAAAA3vel. MARGEM DE TOLERAAAANCIA: NAAAAo hAAAA.;4;N;N;OBJETIVO DO ITEM: Garantir a correta informaAAAAAAAAo ao cliente. FORMA DE AVALIAR: 1. Nos distritos com SRO MAAAA3vel rastrear os objetos e observar se: a a qualidade das imagens permite identificaAAAAAAAAo dos dados conforme o previsto; b hAAAA assinatura legAAAAvel do recebedor, quando previsto; c caso alguma assinatura esteja ilegAAAAvel, nome e pelo menos um sobrenome; d hAAAA o nAAAAomero do documento de identificaAAAAAAAAo do recebedor, quando previsto; e caso os objetos sejam para o mesmo endereAAAAo, mas nAAAAo estejam agrupados, deve haver uma assinatura e uma imagem distintas para cada objeto. 2. Caso o distrito tenha saAAAAdo com LOEC impressa observar, apAAAA3s o conferente, se estAAAAo anotados nas LOEC: a assinatura legAAAAvel do recebedor, quando previsto; b caso alguma assinatura esteja ilegAAAAvel, nome e pelo menos um sobrenome; c havendo carimbo com o nome do recebedor/responsAAAAvel, AAAA necessAAAAria a rubrica/assinatura do recebedor;;MANDIS 3/1 anexo 2 e 3 Cartilha 5Ps
3;Os telegramas e seus serviAAAAos adicionais foram corretamente baixados Aspectos: InformaAAAAAAAAo e Prioridade;4;N;S;OBJETIVO DO ITEM: Garantir a qualidade na prestaAAAAAAAAo do serviAAAAo. FORMA DE AVALIAR: 1. Verificar se foram realizadas as baixas no SRO no mesmo dia da entrega ou da tentativa. 2. Considerar NAAAAo Conforme se: a o SGM ou o SMT retornarem pesquisa com telegramas ou serviAAAAos adicionais CAAAA3pia ConfirmatAAAA3ria CC ou Pedido de ConfirmaAAAAAAAAo PC pendentes de baixa sem que todas as tentativas de entrega previstas estejam registradas no SRO; b houver registro indevido no SGM de tentativa de entrega ou qualquer evento lanAAAAado no SRO com inconsistAAAAancia que tenha ocasionado a pendAAAAancia de baixa. 3. Considerar NA se a unidade nAAAAo entregar telegramas. PONTO DE VERIFICAAAAAAAAAO: SRO, SGM e SMT. PERAAAAODO: PendAAAAancias hAAAA mais de 10 dez dias corridos contados da data da verificaAAAAAAAAo. AMOSTRA: 100 dos telegramas. MARGEM DE TOLERAAAANCIA: NAAAAo hAAAA.;MANDIS 2/4 anexo 2 MANCAT 9/1 anexo 2 Cartilha 5Ps
4;Os documentos dos Malotes, comprovantes e recibos de coleta sAAAAo preenchidos conforme o previsto Aspectos: InformaAAAAAAAAo e Prioridade 4. Documentos de Coleta Agendada, Programada e LogAAAAstica Reversa: deve constar o motivo por extenso apenas para os casos que precisem de complemento alAAAAm dos motivos que jAAAA vem impresso nos formulAAAArios. PONTO DE VERIFICAAAAAAAAAO: Arquivo de LEM, LCM, comprovantes e recibos de Coleta. PERAAAAODO: 01 dia entre os AAAAoltimos 30 dias incluindo os dias da verificaAAAAAAAAo. AMOSTRA: Todas as listas. MARGEM DE TOLERAAAANCIA: NAAAAo hAAAA.;4;N;S;OBJETIVO DO ITEM: Garantir a correta informaAAAAAAAAo ao cliente. FORMA DE AVALIAR: 1. Observar, apAAAA3s o conferente, se estAAAAo anotados nas LEM, LCM, comprovantes, recibos e documentos de Coleta Agendada, Programada e LogAAAAstica Reversa: a assinatura legAAAAvel do recebedor, quando previsto; b assinatura da pessoa responsAAAAvel por disponibilizar o Malote ao carteiro; c havendo carimbo com o nome do recebedor/responsAAAAvel, AAAA necessAAAAria a rubrica/assinatura do recebedor; d caso alguma assinatura esteja ilegAAAAvel, nome e pelo menos um sobrenome; e nAAAAomero do documento do recebedor e horAAAArio da entrega, quando previsto; f caso os objetos sejam para o mesmo endereAAAAo, mas nAAAAo estejam agrupados, deve haver uma assinatura para cada objeto. 2. LEM e LCM: AAAA exigida a anotaAAAAAAAAo do respectivo cAAAA3digo do motivo. No caso do cAAAA3digo C, deverAAAA constar o nome e pelo menos um sobrenome do informante. 3. LCM: deve constar o nAAAAomero do Malote para cada percurso da lista.;MANDIS 3/1 anexos 2 e 3
5;A baixa dos Malotes no SIGMA AAAA feita conforme o previsto Aspectos: InformaAAAAAAAAo e Prioridade;4;N;S;OBJETIVO DO ITEM: Garantir a correta informaAAAAAAAAo aos clientes. FORMA DE AVALIAR: 1. No dia da verificaAAAAAAAAo, observar no procedimento de baixa no SIGMA: a a leitura direta dos Malotes nAAAAo entregues; b a leitura dos malotes na rotina exportaAAAAAAAAo do SIGMA no mesmo dia da realizaAAAAAAAAo da coleta ou atAAAA a madrugada do dia seguinte quando a leitura for realizada pelo Centralizador; c a realizaAAAAAAAAo da baixa no mesmo dia da entrega/coleta inclusive interna ou da tentativa. 2. Considerar Conforme a baixa no dia seguinte do percurso que nAAAAo teve malote coletado. 3. Considerar NAAAAo Conforme se a baixa no SIGMA estiver diferente do que consta na LCM/LEM. 4. Considerar NA para unidades que nAAAAo realizam o serviAAAAo. PONTO DE VERIFICAAAAAAAAAO: No sistema SIGMA, arquivos de LCMs e LEMs. PERAAAAODO: 2 dias entre os 30 dias anteriores, exceto o dia anterior aos da verificaAAAAAAAAo. AMOSTRA: Todas as LEM/LCM. MARGEM DE TOLERAAAANCIA: NAAAAo hAAAA.;MANDIS 2/4 anexo 2 MANDIS 3/1 anexo 3
6;No retorno dos carteiros AAAA  unidade AAAA verificado se hAAAA resto de distribuiAAAAAAAAo Aspectos: InformaAAAAAAAAo e SeguranAAAAa;2;N;N;OBJETIVO DO ITEM: Aumentar o controle na ocorrAAAAancia de resto de objetos simples e qualificados. FORMA DE AVALIAR: 1. Observar se o gestor ou pessoa por ele designada verifica as bolsas, baAAAAos de motos, bicicletas elAAAAtricas e veAAAAculos. 2. A verificaAAAAAAAAo da bolsa deve ser feita de imediato no retorno do carteiro AAAA  unidade. 3. A verificaAAAAAAAAo de motos, bicicletas elAAAAtricas e veAAAAculos poderAAAA ser feita ao final do dia. 4. Verificar se a quantidade de malas que retornaram confere com quantidade de DAs lanAAAAados no SGPD. 5. Para os veAAAAculos que nAAAAo permanecem na unidade a verificaAAAAAAAAo deve ser feita no momento da chegada do carteiro. PONTO DE VERIFICAAAAAAAAAO: SalAAAAo Operacional, SGPD e AAAArea de guarda ou estacionamento de veAAAAculos. PERAAAAODO: Nos dias da verificaAAAAAAAAo. AMOSTRA: 20 dos distritos. MARGEM DE TOLERAAAANCIA: NAAAAo hAAAA.;MANDIS 2/1 anexo 3
7;Os objetos, que por algum motivo permanecerAAAAo na unidade, sAAAAo armazenados de forma a preservar sua seguranAAAAa Aspecto: SeguranAAAAa;1;N;N;OBJETIVO DO ITEM: Evitar o extravio e garantir a integridade dos objetos. FORMA DE AVALIAR:1. Verificar se: a as encomendas envelopes e pacotes e os Malotes foram guardados em unitizador lacrado, armAAAArio/equipamento/local fechado de forma a preservar a sua seguranAAAAa; b nas unidades com CFTV, a carga AAAA posicionada em local captado constantemente pelas cAAAAmeras. PONTO DE VERIFICAAAAAAAAAO: Local definido para a guarda dos objetos. PERAAAAODO: Nos dias da verificaAAAAAAAAo. AMOSTRA: 100 dos objetos. MARGEM DE TOLERAAAANCIA: NAAAAo hAAAA.;MANORG 11/6 e 7
Lista: 2025 - CDD - LISTA 5 - GESTAAAAO DA FROTA;;;;;;
NAAAAo;Item de VerificaAAAAAAAAo;Peso;Tipo;NA;OrientaAAAAAAAAo;ReferAAAAancia
1;Os veAAAAculos sob a guarda da unidade sAAAAo trancados com chaves e as mesmas sAAAAo guardadas conforme o previstoAspecto: SeguranAAAAa;1;N;N;OBJETIVO DO ITEM: Garantir a seguranAAAAa patrimonial.FORMA DE AVALIAR: 1. Verificar se os veAAAAculos sob responsabilidade da unidade estAAAAo trancados com chaves , inclusive os baAAAAos das motocicletas e bicicletas elAAAAtricas e o compartimento de carga para os veAAAAculos. 2. Verificar se existe claviculAAAArio ou local restrito para guarda das chaves conforme previsto e se este AAAA trancado apAAAA3s o tAAAArmino das atividades. 3. Entende-se por local restrito para guarda das chaves um ponto seguro utilizado para esta finalidade. PONTO DE VERIFICAAAAAAAAAO: Local de guarda dos veAAAAculos e das chaves. PERAAAAODO: Nos dias da verificaAAAAAAAAo. AMOSTRA: No mAAAAnimo 20 dos veAAAAculos, atAAAA o mAAAAximo de 30 veAAAAculos. MARGEM DE TOLERAAAANCIA: NAAAAo hAAAA.;MANORG 11/6 e 7 MANTRA 4/1 MANTRA 6/5 anexo 2
2;Todos os veAAAAculos estAAAAo com os pneus calibrados Aspectos: SeguranAAAAa e Produtividade. PONTO DE VERIFICAAAAAAAAAO: AAAArea do CDD/CEE. PERAAAAODO: Nos dias da verificaAAAAAAAAo. AMOSTRA: Dos veAAAAculos no pAAAAtio, exceto aqueles em processo de alienaAAAAAAAAo, para a verificaAAAAAAAAo in loco: selecionar 2 veAAAAculos para aferiAAAAAAAAo de calibragem. MARGEM DE TOLERAAAANCIA: NAAAAo hAAAA.;2;N;N;OBJETIVO DO ITEM: Garantir o desempenho e a seguranAAAAa da frota. FORMA DE AVALIAR: 1. Verificar in loco se algum dos veAAAAculos disponAAAAveis no pAAAAtio da unidade estAAAA com pneu baixo vazio, inclusive o estepe. 2. Caso nenhum pneu esteja baixo, aferir a calibragem de dois veAAAAculos, preferencialmente que nAAAAo tenham rodado no dia da verificaAAAAAAAAo. 3. Considerar Conforme caso: a a calibragem dos pneus da amostra esteja de acordo com a tabela de calibragem. b nAAAAo haja pneu baixo e nAAAAo seja previsto calibrador devido ao tipo de unidade ou nAAAAo haja calibrador em funcionamento por motivos alheios AAAA  unidade problemas estruturais, impossibilidade de manutenAAAAAAAAo etc. com a devida comprovaAAAAAAAAo OS no helpdesk, SEI etc.. c o veAAAAculo selecionado tiver rodado no dia da verificaAAAAAAAAo e a calibragem esteja atAAAA quatro libras acima do previsto na tabela.;MANORG 11/6 e 7 MANTRA 11/5
3;SAAAAo cumpridos os procedimentos de entrega e liberaAAAAAAAAo dos veAAAAculos para os condutoresAspectos: SeguranAAAAa e Produtividade;2;N;N;OBJETIVO DO ITEM: Garantir o cumprimento da legislaAAAAAAAAo vigente. FORMA DE AVALIAR: 1. Verificar se o gestor realiza a entrega da chave e do documento do veAAAAculo. 2. Verificar se o condutor realiza a vistoria dos veAAAAculos pelo Checklist do RDVO. 3. Considerar Conforme caso o condutor registre no RDVO as irregularidades constatadas. PONTO DE VERIFICAAAAAAAAAO: Local de entrega das chaves e documentos e Correios Frota. PERAAAAODO: Nos dias da verificaAAAAAAAAo. AMOSTRA: 10 dos veAAAAculos arredondando para cima. MARGEM DE TOLERAAAANCIA: NAAAAo hAAAA.;MANORG 11/6 e 7 MANTRA 4/1
4;Os dados dos RDVOs das linhas prAAAA3prias da unidade sAAAAo lanAAAAados conforme previstoAspectos: InformaAAAAAAAAo, SeguranAAAAa e Produtividade;3;N;N;OBJETIVO DO ITEM: Garantir controle da manutenAAAAAAAAo preventiva na quilometragem prevista. FORMA DE AVALIAR: 1. Verificar no Correios Frota se as quilometragens foram: a digitadas corretamente; b lanAAAAadas no momento da partida e do retorno. 2. Desconsiderar da amostra os dias que, no perAAAAodo avaliado, o Sistema Correios Frota estiver inoperante em AAAAmbito nacional verificar lanAAAAamentos em outras 03 regionais. PONTO DE VERIFICAAAAAAAAAO: VeAAAAculos e Correios Frota. PERAAAAODO: Os AAAAoltimos 7 dias incluindo os dias da verificaAAAAAAAAo. AMOSTRA: 100 dos lanAAAAamentos no perAAAAodo e dados de HodAAAA metro de 10 veAAAAculos ou todos se a quantidade for menor que 10. MARGEM DE TOLERAAAANCIA: NAAAAo hAAAA.;MANORG 11/6 e 7 MANTRA 4/1 Cartilha 5 Ps.
5;Os veAAAAculos sAAAAo abastecidos de forma a serem recolhidos com, no mAAAAnimo, a metade da capacidade do tanqueAspectos: SeguranAAAAa e Produtividade;2;N;N;OBJETIVO DO ITEM: Garantir a disponibilidade da frota. FORMA DE AVALIAR: 1. Observar durante o perAAAAodo avaliativo se os veAAAAculos estAAAAo abastecidos conforme definido considerar 100 da capacidade do tanque para os veAAAAculos AAAA  diesel e no mAAAAnimo 50 da carga da bateria dos veAAAAculos elAAAAtricos. PONTO DE VERIFICAAAAAAAAAO: Local de guarda dos veAAAAculos e pAAAAtio de trAAAAnsito dos veAAAAculos. PERAAAAODO: Nos dias da verificaAAAAAAAAo. AMOSTRA: 20 do total de veAAAAculos lotados na unidade. MARGEM DE TOLERAAAANCIA: NAAAAo hAAAA.;MANTRA 4/1 MANTRA 9/1 Cartilha 5 Ps
6;AAAA realizado o atesto dos abastecimentos dos veAAAAculos da Unidade Aspecto: InformaAAAAAAAAo;1;N;N;OBJETIVO DO ITEM: ComprovaAAAAAAAAo dos abastecimentos para pagamento da fatura AAAA  gerenciadora. FORMA DE AVALIAR: 1. Verificar no ERP se nAAAAo hAAAA pendAAAAancia de atesto da utilizaAAAAAAAAo do abastecimento. 2. Considerar NAAAAo Conforme se houver abastecimentos pendentes de atesto no ERP. PONTO DE VERIFICAAAAAAAAAO: ERP. PERAAAAODO: Quinzena anterior AAAA  verificaAAAAAAAAo 01 a 15 ou 16 a 31. AMOSTRA: Todos os abastecimentos. MARGEM DE TOLERAAAANCIA: NAAAAo hAAAA.;MANORG 11/6 e 7 MANTRA 9/1 Cartilha 5Ps
7;Os veAAAAculos sAAAAo levados para manutenAAAAAAAAo preventiva conforme programaAAAAAAAAo do CTO Aspectos: Produtividade, SeguranAAAAa e Prioridade.;5;N;N;OBJETIVO DO ITEM: Garantir o cumprimento das manutenAAAAAAAAes preventivas no prazo. FORMA DE AVALIAR: 1. Verificar a programaAAAAAAAAo de manutenAAAAAAAAo preventiva enviada pelo CTO. 2. Consultar nas RSE se os veAAAAculos informados foram entregues no estabelecimento credenciado indicado pelo CTO na data agendada para manutenAAAAAAAAo ou entregue no CTO conforme orientaAAAAAAAAo do mesmo. PONTO DE VERIFICAAAAAAAAAO: Arquivos da unidade e Correios Frota. PERAAAAODO: AAAA partir da AAAAoltima avaliaAAAAAAAAo ou do inAAAAcio do ano, caso seja a primeira avaliaAAAAAAAAo. AMOSTRA: 100 das manutenAAAAAAAAes preventivas previstas. MARGEM DE TOLERAAAANCIA: 5 das manutenAAAAAAAAes preventivas previstas.;MANORG 11/6 e 7 MANTRA 11/3 Cartilha 5 Ps.
8;A RequisiAAAAAAAAo de ServiAAAAo Externo RSE AAAA preenchida e encaminhada ao CTO conforme previsto Aspectos: InformaAAAAAAAAo e SeguranAAAAa;2;N;S;OBJETIVO DO ITEM: Garantir a realizaAAAAAAAAo dos serviAAAAos solicitados e permitir apuraAAAAAAAAo de possAAAAveis danos aos veAAAAculos. FORMA DE AVALIAR: 1. Verificar no sistema Correios Frota a relaAAAAAAAAo das OS finalizadas. 2. Verificar se as RSEs dos veAAAAculos foram preenchidas corretamente, incluindo o DOT dos pneus. 3. Verificar no Correios Frota ou no controle da unidade protocolo de envio fAAAAsico, SEI etc. se a unidade encaminhou a RSE preenchida para o CTO em atAAAA um dia AAAAotil apAAAA3s o recebimento do veAAAAculo da oficina. 4. Considerar NA quando os veAAAAculos forem levados AAAA  oficina pelo CTO. PONTO DE VERIFICAAAAAAAAAO: Arquivos da unidade email, SEI etc. e Correios Frota. PERAAAAODO: Nos dias da verificaAAAAAAAAo e a partir da AAAAoltima avaliaAAAAAAAAo ou do inAAAAcio do ano, caso seja a primeira avaliaAAAAAAAAo. AMOSTRA: No mAAAAnimo 10 das RSEs do mAAAAas anterior, atAAAA o mAAAAximo de 20 RSEs. MARGEM DE TOLERAAAANCIA: NAAAAo hAAAA.;MANORG 11/6 e 7 MANTRA 11/3 Cartilha 5 Ps.
9;Os veAAAAculos que apresentam avarias tem o respectivo processo de apuraAAAAAAAAo, conforme o previsto Aspectos: Produtividade e InformaAAAAAAAAo;2;N;N;OBJETIVO DO ITEM: Garantir disponibilidade da frota e preservar a imagem da Empresa. FORMA DE AVALIAR: 1. Inspecionar a frota visualmente e, caso identifique veAAAAculos avariados, solicitar o Registro de Vistoria e/ou o respectivo processo de apuraAAAAAAAAo para os veAAAAculos com avarias nAAAAo ocasionadas por acidente de trAAAAnsito. 2. Considerar NAAAAo Conforme caso haja veAAAAculos avariados sem o respectivo processo de apuraAAAAAAAAo ou Registro de Vistoria. PONTO DE VERIFICAAAAAAAAAO: Local de guarda dos veAAAAculos e pAAAAtio de trAAAAnsito dos veAAAAculos. PERAAAAODO: Nos dias da verificaAAAAAAAAo. AMOSTRA: Todos os veAAAAculos sob responsabilidade da unidade. MARGEM DE TOLERAAAANCIA: NAAAAo hAAAA.;MANORG 11/6 e 7 MANPAT 1/2 MANPAT 5/4
10;O contenitor do veAAAAculo Mobi estAAAA corretamente instalado Aspectos: SeguranAAAAa e Produtividade;2;N;S;OBJETIVO DO ITEM: Atender AAAA  legislaAAAAAAAAo de trAAAAnsito e garantir a seguranAAAAa da carga. FORMA DE AVALIAR: 1. Verificar em todos os veAAAAculos Mobi se o contenitor estAAAA instalado, funcional e em bom estado de conservaAAAAAAAAo. 2. Considerar NA caso nAAAAo haja veAAAAculos desse modelo na unidade. PONTO DE VERIFICAAAAAAAAAO: Local de guarda dos veAAAAculos e pAAAAtio de trAAAAnsito dos veAAAAculos. PERAAAAODO: Nos dias da verificaAAAAAAAAo. AMOSTRA: Todos os veAAAAculos Mobi disponAAAAveis. MARGEM DE TOLERAAAANCIA: NAAAAo hAAAA.;MANORG 11/6 e 7 MANSEG 3/3
11;SAAAAo realizadas as verificaAAAAAAAAes previstas para as linhas de transporte de carga LTN, LTR e LTU Aspectos: SeguranAAAAa e InformaAAAAAAAAo;2;N;S;OBJETIVO DO ITEM: Garantir a seguranAAAAa e a assiduidade das linhas de transporte de carga. FORMA DE AVALIAR: 1. Observar se sAAAAo realizadas as verificaAAAAAAAAes previstas no momento da apresentaAAAAAAAAo/parada do veAAAAculo na unidade conferAAAAancia, desembarque, embarque e liberaAAAAAAAAo da linha por tipo da unidade origem, intermediAAAAria e final da linha. 2. Considerar NA para as unidades integradas em Centros de Tratamento complexo operacional. PONTO DE VERIFICAAAAAAAAAO: AAAArea de Carga e Descarga e Portaria se houver. PERAAAAODO: Nos dias da verificaAAAAAAAAo. AMOSTRA: Verificar no momento de maior fluxo de linhas LTN, LTR e LTU na unidade. MARGEM DE TOLERAAAANCIA: NAAAAo hAAAA.;MANORG 11/6 e 7 MANTRA 2/2 MANTRA 3/2 MANTRA 4/2
12;Todos os dados relativos ao lanAAAAamento das linhas contratadas LTN, LTR e LTU sAAAAo registrados apontados no TMS - RDVO Digital, conforme o previsto Aspecto: InformaAAAAAAAAo;1;N;S;OBJETIVO DO ITEM: Garantir o registro correto das informaAAAAAAAAes das linhas de transporte de carga. FORMA DE AVALIAR: 1. Observar se os RDVOs foram preenchidos corretamente horAAAArios de chegada e saAAAAda, hodAAAA metros, cargas e ocorrAAAAancias conforme o previsto. 2. Desconsiderar as linhas de transferAAAAancia de carga, executadas com veAAAAculo prAAAA3prio, para as quais deve ser utilizado o Correios Frota. 3. Considerar NA para as unidades integradas em Centros de Tratamento complexo operacional. PONTO DE VERIFICAAAAAAAAAO: RDVO fAAAAsico ou digital TMS. PERAAAAODO: Nos AAAAoltimos 15 dias anteriores AAAA  verificaAAAAAAAAo. AMOSTRA: RDVOs de 2 dias. MARGEM DE TOLERAAAANCIA: NAAAAo hAAAA.;MANORG 11/6 e 7 MANTRA 2/2 MANTRA 3/2 MANTRA 4/2 Sistema TMS Cartilha 5Ps CTO
13;A Unidade adotou as aAAAAAAAAes corretivas apontadas no relatAAAA3rio de visita do CTOAspectos: SeguranAAAAa e Produtividade.;2;N;S;OBJETIVO DO ITEM: Garantir a gestAAAAo da frota e o controle da utilizaAAAAAAAAo dos recursos de transporte. FORMA DE AVALIAR: 1. Solicitar ao gestor da unidade o nAAAAomero do processo no SEI com o relatAAAA3rio da visita do CTO com a ciAAAAancia da unidade no semestre anterior e verificar se foram adotadas as aAAAAAAAAes previstas para cada irregularidade registrada. 2. Considerar Conforme se as aAAAAAAAAes corretivas estiverem dentro do prazo e registradas no SEI. 3. Considerar NA se nAAAAo houve a visita do CTO AAAA  unidade. PONTO DE VERIFICAAAAAAAAAO: Arquivo da unidade e SEI. PERAAAAODO: FrequAAAAancia prevista no MANTRA, conforme quantidade de veAAAAculos. AMOSTRA: RelatAAAA3rio de visita do CTO. MARGEM DE TOLERAAAANCIA: NAAAAo hAAAA.;MANORG 11/6 e 7MANTRA 6/9
